{
  "Ishii": {
    "words": 360338,
    "domain_raw": 0.10268137137909407,
    "fiscal_raw": 0.03885241079208965,
    "inq_raw": 0.9265536723163842,
    "dec_raw": 0.46153846153846156,
    "proc_raw": 0.0222013775954798,
    "op_q": 164,
    "gs_q": 12,
    "action_hits": 6,
    "hedge_hits": 6,
    "waste_pct": 0.3188405797101449,
    "core_pct": 0.6666666666666666,
    "ego_raw": 0.012488274897457387,
    "coll_raw": 0.008325516598304925,
    "hum_raw": 0.00555034439886995,
    "warm_raw": 0.013875860997174874,
    "i_ratio": 0.6134370139968895,
    "cred_hits": 3,
    "flex_hits": 3,
    "coll_hits": 3,
    "hum_hits": 2,
    "lsi": 0.44547048509643483,
    "voter": 0.17223286940383506,
    "beer": 0.18806936444666297,
    "recall": 0.7952290934131325,
    "n_domain": 0.0,
    "n_fiscal": 0.0,
    "n_inq": 0.9818819403857392,
    "n_dec": 1.0,
    "n_proc": 0.0,
    "n_ego": 0.34289472661778664,
    "n_coll": 0.0,
    "n_hum": 0.22859648441185776,
    "n_warm": 0.0,
    "vote_yes": 0,
    "vote_no": 0,
    "vote_abstain": 0,
    "vote_total": 0,
    "vote_yes_rate": null,
    "vote_abstain_rate": null,
    "vote_independent": 0,
    "block_vote_rate": 0.90625,
    "sponsorships": 3,
    "staff_referrals": 11,
    "staff_ref_waste": 1,
    "staff_ref_core": 2,
    "turn_count": 5430,
    "avg_turn_len": 66.4,
    "pct_long": 14.9,
    "pct_concise": 71.2,
    "efficiency": 0.768,
    "waste_trend": -0.003,
    "core_trend": 0.18,
    "recent_meetings": 7,
    "display_name": "Ishii",
    "canonical": "Ishii",
    "facilitator": {
      "words": 360338,
      "callons_per1k": 0.16373515976666353,
      "thanks_per1k": 0.5911116784796496,
      "agenda_per1k": 0.6105378838756945,
      "balance": 0.484,
      "waste_frac": 0.3188405797101449,
      "member_mentions": {
        "Kesarwani": 130,
        "Taplin": 250,
        "Bartlett": 202,
        "Tregub": 201,
        "OKeefe": 170,
        "Blackaby": 247,
        "LunaParra": 121,
        "Humbert": 246
      }
    },
    "is_mayor": true,
    "efficiency_rank": 5
  },
  "Kesarwani": {
    "words": 32586,
    "domain_raw": 0.5523844595838704,
    "fiscal_raw": 0.15344012766218623,
    "inq_raw": 0.9333333333333333,
    "dec_raw": 0.2222222222222222,
    "proc_raw": 0.18412815319462347,
    "op_q": 14,
    "gs_q": 0,
    "action_hits": 2,
    "hedge_hits": 6,
    "waste_pct": 0.16666666666666666,
    "core_pct": 0.8095238095238095,
    "ego_raw": 0.015344012766218622,
    "coll_raw": 0.06137605106487449,
    "hum_raw": 0.0,
    "warm_raw": 0.12275210212974898,
    "i_ratio": 0.5798319327731093,
    "cred_hits": 0,
    "flex_hits": 1,
    "coll_hits": 2,
    "hum_hits": 0,
    "lsi": 0.678161498317668,
    "voter": 0.7079910560115911,
    "beer": 0.4416543906325598,
    "recall": 0.3260577603337728,
    "n_domain": 0.9900668769795775,
    "n_fiscal": 0.673959136728547,
    "n_inq": 0.993103448275862,
    "n_dec": 0.08496732026143781,
    "n_proc": 0.46389012618362835,
    "n_ego": 0.4213056731929868,
    "n_coll": 0.6316666587933818,
    "n_hum": 0.0,
    "n_warm": 0.4660128194020536,
    "vote_yes": 5,
    "vote_no": 0,
    "vote_abstain": 0,
    "vote_total": 5,
    "vote_yes_rate": 1.0,
    "vote_abstain_rate": 0.0,
    "vote_independent": 1,
    "block_vote_rate": 0.90625,
    "sponsorships": 2,
    "staff_referrals": 1,
    "staff_ref_waste": 0,
    "staff_ref_core": 0,
    "turn_count": 464,
    "avg_turn_len": 70.2,
    "pct_long": 10.1,
    "pct_concise": 70.0,
    "efficiency": 0.78,
    "waste_trend": 0.233,
    "core_trend": 0.009,
    "recent_meetings": 1,
    "display_name": "Kesarwani",
    "canonical": "Kesarwani",
    "efficiency_rank": 2
  },
  "Taplin": {
    "words": 58025,
    "domain_raw": 0.2929771650150797,
    "fiscal_raw": 0.12063765618267988,
    "inq_raw": 0.9285714285714286,
    "dec_raw": 0.375,
    "proc_raw": 0.12063765618267988,
    "op_q": 13,
    "gs_q": 0,
    "action_hits": 3,
    "hedge_hits": 4,
    "waste_pct": 0.29411764705882354,
    "core_pct": 0.6862745098039216,
    "ego_raw": 0.008616975441619991,
    "coll_raw": 0.05170185264971995,
    "hum_raw": 0.017233950883239983,
    "warm_raw": 0.05170185264971995,
    "i_ratio": 0.6729277256022866,
    "cred_hits": 0,
    "flex_hits": 1,
    "coll_hits": 3,
    "hum_hits": 1,
    "lsi": 0.6123772326852448,
    "voter": 0.29226580138452074,
    "beer": 0.5232528011383177,
    "recall": 0.6040762353644527,
    "n_domain": 0.4189554553864622,
    "n_fiscal": 0.48102811441004417,
    "n_inq": 0.9852216748768473,
    "n_dec": 0.6691176470588235,
    "n_proc": 0.2820016487446473,
    "n_ego": 0.23659916702570732,
    "n_coll": 0.5164770824611069,
    "n_hum": 0.7097975010771219,
    "n_warm": 0.16190306382103073,
    "vote_yes": 11,
    "vote_no": 1,
    "vote_abstain": 0,
    "vote_total": 12,
    "vote_yes_rate": 0.9166666666666666,
    "vote_abstain_rate": 0.0,
    "vote_independent": 3,
    "block_vote_rate": 0.90625,
    "sponsorships": 0,
    "staff_referrals": 3,
    "staff_ref_waste": 0,
    "staff_ref_core": 0,
    "turn_count": 628,
    "avg_turn_len": 92.4,
    "pct_long": 22.6,
    "pct_concise": 55.1,
    "efficiency": 0.64,
    "waste_trend": 0.051,
    "core_trend": 0.423,
    "recent_meetings": 4,
    "display_name": "Taplin",
    "canonical": "Taplin",
    "efficiency_rank": 8
  },
  "Bartlett": {
    "words": 34821,
    "domain_raw": 0.2297464173918038,
    "fiscal_raw": 0.20102811521782832,
    "inq_raw": 0.9090909090909091,
    "dec_raw": 0.2,
    "proc_raw": 0.17230981304385284,
    "op_q": 10,
    "gs_q": 0,
    "action_hits": 1,
    "hedge_hits": 3,
    "waste_pct": 0.1951219512195122,
    "core_pct": 0.7804878048780488,
    "ego_raw": 0.014359151086987737,
    "coll_raw": 0.05743660434795095,
    "hum_raw": 0.0,
    "warm_raw": 0.14359151086987737,
    "i_ratio": 0.5655322230267922,
    "cred_hits": 0,
    "flex_hits": 1,
    "coll_hits": 2,
    "hum_hits": 0,
    "lsi": 0.5756602677319592,
    "voter": 0.5864095694081628,
    "beer": 0.45002216771296233,
    "recall": 0.28259118113230053,
    "n_domain": 0.27974656296285955,
    "n_fiscal": 0.9538526531340488,
    "n_inq": 0.952978056426332,
    "n_dec": 0.0,
    "n_proc": 0.4300327774929216,
    "n_ego": 0.39426399777911797,
    "n_coll": 0.5847601163768911,
    "n_hum": 0.0,
    "n_warm": 0.5552097968200546,
    "vote_yes": 21,
    "vote_no": 0,
    "vote_abstain": 0,
    "vote_total": 21,
    "vote_yes_rate": 1.0,
    "vote_abstain_rate": 0.0,
    "vote_independent": 3,
    "block_vote_rate": 0.90625,
    "sponsorships": 1,
    "staff_referrals": 0,
    "staff_ref_waste": 0,
    "staff_ref_core": 0,
    "turn_count": 373,
    "avg_turn_len": 93.4,
    "pct_long": 24.9,
    "pct_concise": 58.7,
    "efficiency": 0.653,
    "waste_trend": 0.114,
    "core_trend": 0.349,
    "recent_meetings": 1,
    "display_name": "Bartlett",
    "canonical": "Bartlett",
    "efficiency_rank": 7
  },
  "Tregub": {
    "words": 41186,
    "domain_raw": 0.46132180838148884,
    "fiscal_raw": 0.1699606662458117,
    "inq_raw": 0.8888888888888888,
    "dec_raw": 0.25,
    "proc_raw": 0.14568057106783858,
    "op_q": 16,
    "gs_q": 1,
    "action_hits": 1,
    "hedge_hits": 2,
    "waste_pct": 0.1794871794871795,
    "core_pct": 0.7948717948717948,
    "ego_raw": 0.036420142766959644,
    "coll_raw": 0.04856019035594619,
    "hum_raw": 0.024280095177973096,
    "warm_raw": 0.07284028553391929,
    "i_ratio": 0.7532188841201717,
    "cred_hits": 1,
    "flex_hits": 1,
    "coll_hits": 2,
    "hum_hits": 1,
    "lsi": 0.6541930773815776,
    "voter": 0.6573746573575231,
    "beer": 0.4761879808773535,
    "recall": 0.49884589643030536,
    "n_domain": 0.7895832311026157,
    "n_fiscal": 0.7711263395163748,
    "n_inq": 0.9195402298850573,
    "n_dec": 0.19117647058823525,
    "n_proc": 0.3537449469304945,
    "n_ego": 1.0,
    "n_coll": 0.47906966811326906,
    "n_hum": 1.0,
    "n_warm": 0.25237992639118434,
    "vote_yes": 20,
    "vote_no": 0,